timestamp,humedad_suelo,temperatura,luz,humedad_aire,ph
2025-11-08T02:30:19.095827,0.4873,16.73,213.0,0.8437,6.05
2025-11-08T02:31:19.095827,0.4464,17.89,229.2,0.7755,6.92
2025-11-08T02:32:19.095827,0.4941,18.7,181.5,0.7587,6.3
2025-11-08T02:33:19.095827,0.4908,18.12,156.9,0.8127,6.47
2025-11-08T02:34:19.095827,0.4405,17.68,219.7,0.8127,6.13
2025-11-08T02:35:19.095827,0.4607,17.53,188.9,0.852,6.56
2025-11-08T02:36:19.095827,0.4429,16.5,240.0,0.8456,6.23
2025-11-08T02:37:19.095827,0.4571,19.22,200.6,0.7632,6.69
2025-11-08T02:38:19.095827,0.4135,19.75,201.2,0.7974,6.71
2025-11-08T02:39:19.095827,0.4055,17.96,224.1,0.822,6.23
2025-11-08T02:40:19.095827,0.4937,16.45,164.7,0.7859,6.05
2025-11-08T02:41:19.095827,0.4197,17.69,220.1,0.7704,6.42
2025-11-08T02:42:19.095827,0.4086,19.46,263.1,0.8001,6.05
2025-11-08T02:43:19.095827,0.4394,19.55,178.5,0.7801,6.01
2025-11-08T02:44:19.095827,0.4857,18.6,223.1,0.77,6.02
2025-11-08T02:45:19.095827,0.451,17.5,211.7,0.7671,6.81
2025-11-08T02:46:19.095827,0.4066,17.98,262.9,0.7963,6.34
2025-11-08T02:47:19.095827,0.4487,17.79,193.9,0.8162,6.43
2025-11-08T02:48:19.095827,0.4233,18.36,262.4,0.8258,6.7
2025-11-08T02:49:19.095827,0.4275,20.24,257.6,0.7047,6.63
2025-11-08T02:50:19.095827,0.4272,16.97,193.3,0.8052,6.06
2025-11-08T02:51:19.095827,0.4595,18.41,256.4,0.7575,6.19
2025-11-08T02:52:19.095827,0.4683,17.38,220.5,0.7751,6.15
2025-11-08T02:53:19.095827,0.4196,18.1,194.4,0.7891,6.44
2025-11-08T02:54:19.095827,0.4866,20.34,220.3,0.7487,6.5
2025-11-08T02:55:19.095827,0.424,16.91,260.3,0.8238,6.06
2025-11-08T02:56:19.095827,0.4678,19.86,194.7,0.7412,6.16
2025-11-08T02:57:19.095827,0.4555,18.21,243.4,0.7539,6.62
2025-11-08T02:58:19.095827,0.4621,20.0,222.5,0.7134,6.46
2025-11-08T02:59:19.095827,0.3997,18.02,191.9,0.829,6.74
2025-11-08T03:00:19.095827,0.4089,19.25,199.5,0.7904,6.58
2025-11-08T03:01:19.095827,0.4559,20.77,254.4,0.7814,6.97
2025-11-08T03:02:19.095827,0.4873,20.69,210.8,0.7704,6.63
2025-11-08T03:03:19.095827,0.4823,19.49,266.4,0.8019,6.79
2025-11-08T03:04:19.095827,0.4711,20.64,291.4,0.7627,6.11
2025-11-08T03:05:19.095827,0.4942,20.12,267.9,0.7094,6.78
2025-11-08T03:06:19.095827,0.4111,17.55,259.4,0.7821,6.14
2025-11-08T03:07:19.095827,0.4293,18.48,204.4,0.8361,6.79
2025-11-08T03:08:19.095827,0.4032,19.65,266.1,0.7879,6.15
2025-11-08T03:09:19.095827,0.4383,20.7,290.2,0.7863,6.38
2025-11-08T03:10:19.095827,0.4716,18.92,293.1,0.7689,6.95
2025-11-08T03:11:19.095827,0.4247,18.08,214.4,0.7744,6.75
2025-11-08T03:12:19.095827,0.4768,18.08,251.1,0.761,6.46
2025-11-08T03:13:19.095827,0.4065,18.86,247.6,0.8194,6.71
2025-11-08T03:14:19.095827,0.4832,17.32,233.8,0.7913,6.42
2025-11-08T03:15:19.095827,0.3988,17.89,280.8,0.7977,6.7
2025-11-08T03:16:19.095827,0.4442,18.42,246.1,0.7608,6.33
2025-11-08T03:17:19.095827,0.4543,17.3,236.2,0.7738,6.99
2025-11-08T03:18:19.095827,0.4038,18.78,240.9,0.8138,6.05
2025-11-08T03:19:19.095827,0.445,21.13,312.7,0.6941,6.83
2025-11-08T03:20:19.095827,0.4553,19.52,240.7,0.7707,6.71
2025-11-08T03:21:19.095827,0.4867,20.29,222.6,0.7938,6.98
2025-11-08T03:22:19.095827,0.3956,20.43,317.5,0.7914,6.97
2025-11-08T03:23:19.095827,0.4921,20.86,275.0,0.7635,6.84
2025-11-08T03:24:19.095827,0.4364,21.37,278.7,0.7392,6.93
2025-11-08T03:25:19.095827,0.4739,17.65,265.4,0.7641,6.45
2025-11-08T03:26:19.095827,0.4359,18.44,273.1,0.7976,6.15
2025-11-08T03:27:19.095827,0.4652,19.46,309.4,0.7429,6.61
2025-11-08T03:28:19.095827,0.4863,21.03,316.5,0.7225,6.88
2025-11-08T03:29:19.095827,0.461,18.22,258.5,0.814,6.56
2025-11-08T03:30:19.095827,0.4064,18.41,284.5,0.8204,6.85
2025-11-08T03:31:19.095827,0.4679,19.93,240.3,0.7602,6.16
2025-11-08T03:32:19.095827,0.4161,20.68,279.0,0.7716,6.1
2025-11-08T03:33:19.095827,0.4403,19.72,251.9,0.7724,6.12
2025-11-08T03:34:19.095827,0.4149,19.07,242.5,0.8101,6.26
2025-11-08T03:35:19.095827,0.4293,18.95,255.0,0.7561,6.01
2025-11-08T03:36:19.095827,0.3935,20.38,288.4,0.7781,6.19
2025-11-08T03:37:19.095827,0.424,19.29,277.5,0.7954,6.81
2025-11-08T03:38:19.095827,0.3959,20.97,304.0,0.7092,6.26
2025-11-08T03:39:19.095827,0.3961,18.36,304.7,0.7987,6.88
2025-11-08T03:40:19.095827,0.4125,20.8,285.6,0.7672,6.57
2025-11-08T03:41:19.095827,0.4038,19.99,307.3,0.7622,6.9
2025-11-08T03:42:19.095827,0.4101,20.02,271.9,0.7153,6.32
2025-11-08T03:43:19.095827,0.4224,19.22,292.0,0.7353,6.43
2025-11-08T03:44:19.095827,0.424,19.3,343.1,0.7549,6.55
2025-11-08T03:45:19.095827,0.4812,21.54,346.3,0.6805,6.43
2025-11-08T03:46:19.095827,0.4174,20.97,348.7,0.7696,6.55
2025-11-08T03:47:19.095827,0.4711,19.11,266.2,0.7344,6.25
2025-11-08T03:48:19.095827,0.4638,19.22,252.5,0.7937,6.88
2025-11-08T03:49:19.095827,0.4363,19.24,292.1,0.8101,6.31
2025-11-08T03:50:19.095827,0.4582,19.93,317.7,0.7605,6.43
2025-11-08T03:51:19.095827,0.4833,18.94,334.0,0.791,6.98
2025-11-08T03:52:19.095827,0.4844,21.63,272.6,0.6951,6.75
2025-11-08T03:53:19.095827,0.4656,22.16,316.5,0.74,6.43
2025-11-08T03:54:19.095827,0.3949,21.23,262.3,0.7692,6.12
2025-11-08T03:55:19.095827,0.4777,19.84,292.8,0.7287,6.18
2025-11-08T03:56:19.095827,0.4879,21.99,276.3,0.7632,6.01
2025-11-08T03:57:19.095827,0.4006,21.67,278.7,0.7419,6.69
2025-11-08T03:58:19.095827,0.3891,21.6,318.2,0.7635,6.16
2025-11-08T03:59:19.095827,0.4238,21.57,297.9,0.759,6.6
2025-11-08T04:00:19.095827,0.4141,21.32,270.5,0.7621,6.02
2025-11-08T04:01:19.095827,0.3958,19.09,281.2,0.8167,6.43
2025-11-08T04:02:19.095827,0.4515,21.42,304.9,0.7334,6.52
2025-11-08T04:03:19.095827,0.4601,20.52,329.8,0.7679,6.81
2025-11-08T04:04:19.095827,0.4076,20.99,311.5,0.7446,6.83
2025-11-08T04:05:19.095827,0.4797,18.78,299.9,0.7982,7.0
2025-11-08T04:06:19.095827,0.4149,22.07,366.0,0.7584,6.19
2025-11-08T04:07:19.095827,0.4856,21.8,365.7,0.7163,6.43
2025-11-08T04:08:19.095827,0.4204,18.78,307.8,0.8026,6.25
2025-11-08T04:09:19.095827,0.4662,20.63,284.3,0.7122,6.09
2025-11-08T04:10:19.095827,0.473,22.21,333.1,0.7481,6.55
2025-11-08T04:11:19.095827,0.4365,19.21,283.7,0.7843,6.93
2025-11-08T04:12:19.095827,0.3975,18.69,324.5,0.812,6.4
2025-11-08T04:13:19.095827,0.42,22.51,347.8,0.7144,6.88
2025-11-08T04:14:19.095827,0.4063,22.45,339.7,0.7317,6.99
2025-11-08T04:15:19.095827,0.39,22.61,310.8,0.7186,6.3
2025-11-08T04:16:19.095827,0.4216,21.02,357.8,0.758,6.81
2025-11-08T04:17:19.095827,0.4434,21.5,298.1,0.7207,6.75
2025-11-08T04:18:19.095827,0.4774,21.16,358.7,0.7038,6.63
2025-11-08T04:19:19.095827,0.4037,19.55,304.6,0.7841,6.44
2025-11-08T04:20:19.095827,0.3873,20.62,385.4,0.7413,6.48
2025-11-08T04:21:19.095827,0.3957,20.02,325.6,0.7242,6.02
2025-11-08T04:22:19.095827,0.454,20.79,301.9,0.7677,6.69
2025-11-08T04:23:19.095827,0.4453,20.14,332.1,0.7645,6.31
2025-11-08T04:24:19.095827,0.4637,20.42,341.9,0.7387,6.18
2025-11-08T04:25:19.095827,0.4276,22.04,366.7,0.737,6.11
2025-11-08T04:26:19.095827,0.4056,21.35,340.0,0.7468,6.65
2025-11-08T04:27:19.095827,0.4724,19.73,320.0,0.7834,6.39
2025-11-08T04:28:19.095827,0.4579,21.58,361.8,0.7258,6.59
2025-11-08T04:29:19.095827,0.3938,22.56,336.2,0.7393,6.68
2025-11-08T04:30:19.095827,0.3915,19.42,307.0,0.8176,6.48
2025-11-08T04:31:19.095827,0.3866,21.3,395.3,0.7716,6.07
2025-11-08T04:32:19.095827,0.4033,21.53,389.1,0.7449,6.24
2025-11-08T04:33:19.095827,0.4279,19.82,347.4,0.7998,6.28
2025-11-08T04:34:19.095827,0.4722,20.26,313.9,0.7056,6.5
2025-11-08T04:35:19.095827,0.4402,20.3,379.2,0.738,6.49
2025-11-08T04:36:19.095827,0.3979,20.75,403.2,0.766,6.8
2025-11-08T04:37:19.095827,0.4273,23.19,406.7,0.7294,6.27
2025-11-08T04:38:19.095827,0.464,21.87,385.1,0.7301,6.84
2025-11-08T04:39:19.095827,0.4174,20.76,333.8,0.7372,6.55
2025-11-08T04:40:19.095827,0.4594,20.32,324.2,0.7658,6.4
2025-11-08T04:41:19.095827,0.4484,21.73,371.4,0.7653,6.74
2025-11-08T04:42:19.095827,0.3926,19.61,396.5,0.7887,6.55
2025-11-08T04:43:19.095827,0.4236,22.02,334.8,0.7035,6.04
2025-11-08T04:44:19.095827,0.4427,22.35,379.6,0.7511,6.52
2025-11-08T04:45:19.095827,0.437,21.89,409.6,0.6759,6.81
2025-11-08T04:46:19.095827,0.4564,21.86,399.7,0.6771,6.97
2025-11-08T04:47:19.095827,0.4017,22.21,373.4,0.7481,6.85
2025-11-08T04:48:19.095827,0.4,23.12,356.0,0.671,6.14
2025-11-08T04:49:19.095827,0.4565,20.41,335.3,0.7034,6.92
2025-11-08T04:50:19.095827,0.4804,20.77,341.3,0.705,6.62
2025-11-08T04:51:19.095827,0.4435,20.61,347.8,0.7145,6.38
2025-11-08T04:52:19.095827,0.4509,20.81,360.0,0.7395,6.89
2025-11-08T04:53:19.095827,0.4568,20.7,428.1,0.7737,6.88
2025-11-08T04:54:19.095827,0.4499,20.86,430.7,0.7208,6.77
2025-11-08T04:55:19.095827,0.4385,20.45,379.2,0.7868,6.47
2025-11-08T04:56:19.095827,0.4299,20.39,419.2,0.79,6.09
2025-11-08T04:57:19.095827,0.4208,20.05,351.2,0.7565,6.94
2025-11-08T04:58:19.095827,0.4494,20.92,401.6,0.7611,6.06
2025-11-08T04:59:19.095827,0.3867,21.37,358.7,0.7462,6.64
2025-11-08T05:00:19.095827,0.4139,20.29,346.4,0.7302,6.37
2025-11-08T05:01:19.095827,0.3839,22.05,345.9,0.6904,6.25
2025-11-08T05:02:19.095827,0.4632,21.76,423.3,0.7277,6.51
2025-11-08T05:03:19.095827,0.3985,20.44,435.7,0.7682,6.79
2025-11-08T05:04:19.095827,0.4286,21.72,365.4,0.6898,6.52
2025-11-08T05:05:19.095827,0.3932,20.21,433.5,0.8022,6.39
2025-11-08T05:06:19.095827,0.4417,22.93,412.1,0.7069,6.4
2025-11-08T05:07:19.095827,0.4455,21.09,384.2,0.7202,6.78
2025-11-08T05:08:19.095827,0.3892,22.03,386.8,0.747,6.17
2025-11-08T05:09:19.095827,0.423,21.8,376.3,0.6764,6.48
2025-11-08T05:10:19.095827,0.4097,23.56,452.1,0.6362,6.44
2025-11-08T05:11:19.095827,0.404,20.74,424.7,0.7555,6.93
2025-11-08T05:12:19.095827,0.3911,22.14,385.4,0.723,6.25
2025-11-08T05:13:19.095827,0.4456,23.92,430.5,0.6497,6.58
2025-11-08T05:14:19.095827,0.4688,21.31,368.9,0.7755,6.7
2025-11-08T05:15:19.095827,0.4082,22.28,365.7,0.7092,6.85
2025-11-08T05:16:19.095827,0.3888,21.98,454.8,0.7412,6.12
2025-11-08T05:17:19.095827,0.4687,20.74,365.9,0.7122,6.05
2025-11-08T05:18:19.095827,0.4422,23.59,457.5,0.728,6.1
2025-11-08T05:19:19.095827,0.4222,21.87,385.2,0.7162,6.92
2025-11-08T05:20:19.095827,0.4017,21.1,387.5,0.7387,6.92
2025-11-08T05:21:19.095827,0.381,21.68,429.8,0.7614,6.85
2025-11-08T05:22:19.095827,0.3908,22.14,416.5,0.7541,6.0
2025-11-08T05:23:19.095827,0.3761,20.82,453.9,0.771,6.8
2025-11-08T05:24:19.095827,0.4112,24.29,429.8,0.6726,6.96
2025-11-08T05:25:19.095827,0.4216,22.93,451.2,0.6911,6.32
2025-11-08T05:26:19.095827,0.3926,21.06,404.0,0.6873,6.58
2025-11-08T05:27:19.095827,0.4008,23.18,432.8,0.6454,6.67
2025-11-08T05:28:19.095827,0.3843,23.54,475.7,0.6609,6.96
2025-11-08T05:29:19.095827,0.3901,21.58,388.4,0.7201,6.44
2025-11-08T05:30:19.095827,0.4242,21.26,478.6,0.6961,6.29
2025-11-08T05:31:19.095827,0.4256,22.47,433.6,0.6977,6.16
2025-11-08T05:32:19.095827,0.4389,23.23,421.5,0.6579,6.53
2025-11-08T05:33:19.095827,0.3884,22.57,456.3,0.7265,6.58
2025-11-08T05:34:19.095827,0.4192,22.28,406.2,0.683,6.66
2025-11-08T05:35:19.095827,0.4656,24.68,402.4,0.6841,6.19
2025-11-08T05:36:19.095827,0.4715,22.71,473.0,0.7378,6.69
2025-11-08T05:37:19.095827,0.4323,24.37,454.9,0.6949,6.46
2025-11-08T05:38:19.095827,0.4167,20.93,393.7,0.772,6.21
2025-11-08T05:39:19.095827,0.4456,21.96,453.6,0.6821,6.47
2025-11-08T05:40:19.095827,0.4498,23.04,412.9,0.6539,6.59
2025-11-08T05:41:19.095827,0.3906,23.74,475.9,0.6309,6.95
2025-11-08T05:42:19.095827,0.4054,23.79,419.4,0.6584,6.11
2025-11-08T05:43:19.095827,0.4649,24.05,425.0,0.6881,6.74
2025-11-08T05:44:19.095827,0.4428,22.22,454.4,0.6866,6.99
2025-11-08T05:45:19.095827,0.3999,24.92,427.1,0.704,6.23
2025-11-08T05:46:19.095827,0.4543,23.71,477.3,0.7111,6.4
2025-11-08T05:47:19.095827,0.4493,24.09,468.1,0.6525,6.59
2025-11-08T05:48:19.095827,0.4372,21.24,418.7,0.7422,6.16
2025-11-08T05:49:19.095827,0.42,22.75,440.5,0.6834,6.0
2025-11-08T05:50:19.095827,0.4378,23.45,467.0,0.6857,6.7
2025-11-08T05:51:19.095827,0.4268,22.85,408.1,0.7167,6.75
2025-11-08T05:52:19.095827,0.4043,24.14,418.3,0.7014,6.61
2025-11-08T05:53:19.095827,0.4361,21.42,428.4,0.7168,6.26
2025-11-08T05:54:19.095827,0.4485,25.0,461.0,0.6419,6.41
2025-11-08T05:55:19.095827,0.4544,21.7,419.5,0.7568,6.39
2025-11-08T05:56:19.095827,0.3849,22.75,422.5,0.742,6.09
2025-11-08T05:57:19.095827,0.4591,23.95,493.8,0.6757,6.0
2025-11-08T05:58:19.095827,0.4607,22.43,422.9,0.6645,6.85
2025-11-08T05:59:19.095827,0.383,23.05,433.3,0.6612,6.31
2025-11-08T06:00:19.095827,0.3822,23.48,480.7,0.68,6.73
2025-11-08T06:01:19.095827,0.4622,21.84,423.5,0.7127,6.8
2025-11-08T06:02:19.095827,0.3791,21.61,481.6,0.7051,6.71
2025-11-08T06:03:19.095827,0.4573,22.53,453.8,0.686,6.15
2025-11-08T06:04:19.095827,0.3747,23.43,491.3,0.7335,6.09
2025-11-08T06:05:19.095827,0.411,22.68,471.6,0.6992,6.45
2025-11-08T06:06:19.095827,0.4678,23.86,490.2,0.6853,6.72
2025-11-08T06:07:19.095827,0.4606,24.83,436.3,0.6999,6.86
2025-11-08T06:08:19.095827,0.3804,22.29,498.9,0.6717,6.71
2025-11-08T06:09:19.095827,0.4617,23.09,463.8,0.6704,6.04
2025-11-08T06:10:19.095827,0.4212,23.56,446.4,0.6592,6.19
2025-11-08T06:11:19.095827,0.4559,24.29,442.7,0.626,6.69
2025-11-08T06:12:19.095827,0.4268,23.29,440.5,0.6818,6.53
2025-11-08T06:13:19.095827,0.4123,23.41,521.5,0.6849,6.57
2025-11-08T06:14:19.095827,0.4162,22.95,512.6,0.7303,6.36
2025-11-08T06:15:19.095827,0.4563,23.67,472.1,0.7122,6.81
2025-11-08T06:16:19.095827,0.3917,25.29,520.9,0.682,6.84
2025-11-08T06:17:19.095827,0.4408,23.69,494.6,0.7051,6.7
2025-11-08T06:18:19.095827,0.4324,23.86,472.4,0.6501,6.02
2025-11-08T06:19:19.095827,0.3846,23.34,479.7,0.6721,6.74
2025-11-08T06:20:19.095827,0.3806,23.13,476.6,0.7309,6.7
2025-11-08T06:21:19.095827,0.396,24.17,468.8,0.6403,6.29
2025-11-08T06:22:19.095827,0.4456,24.87,532.3,0.6814,6.41
2025-11-08T06:23:19.095827,0.4316,24.75,471.4,0.6979,6.84
2025-11-08T06:24:19.095827,0.398,22.39,515.2,0.7431,6.26
2025-11-08T06:25:19.095827,0.3945,23.89,447.9,0.6937,6.87
2025-11-08T06:26:19.095827,0.3681,22.23,524.8,0.7371,6.82
2025-11-08T06:27:19.095827,0.387,22.3,462.3,0.7437,6.28
2025-11-08T06:28:19.095827,0.4524,23.18,449.0,0.6445,6.29
2025-11-08T06:29:19.095827,0.4373,23.79,538.3,0.7265,6.86
2025-11-08T06:30:19.095827,0.3865,23.19,455.7,0.6603,6.11
2025-11-08T06:31:19.095827,0.3982,24.86,530.1,0.6552,6.32
2025-11-08T06:32:19.095827,0.4087,23.27,533.9,0.6866,6.15
2025-11-08T06:33:19.095827,0.4131,22.63,504.4,0.6769,6.18
2025-11-08T06:34:19.095827,0.4327,23.12,531.4,0.6903,6.6
2025-11-08T06:35:19.095827,0.4065,24.25,497.4,0.6605,6.82
2025-11-08T06:36:19.095827,0.4474,26.07,493.4,0.6519,6.95
2025-11-08T06:37:19.095827,0.3915,24.45,477.1,0.671,6.32
2025-11-08T06:38:19.095827,0.4523,25.37,473.1,0.6445,6.3
2025-11-08T06:39:19.095827,0.4369,22.84,479.6,0.682,6.03
2025-11-08T06:40:19.095827,0.3961,26.14,549.1,0.6011,6.99
2025-11-08T06:41:19.095827,0.4381,23.36,480.7,0.6842,6.24
2025-11-08T06:42:19.095827,0.3995,25.68,554.4,0.6349,6.09
2025-11-08T06:43:19.095827,0.3796,24.79,522.7,0.667,6.47
2025-11-08T06:44:19.095827,0.3771,23.52,482.2,0.6809,6.09
2025-11-08T06:45:19.095827,0.4037,25.29,535.4,0.6751,6.76
2025-11-08T06:46:19.095827,0.3999,25.54,500.2,0.6558,6.96
2025-11-08T06:47:19.095827,0.3667,25.27,482.4,0.6187,6.32
2025-11-08T06:48:19.095827,0.389,23.24,477.4,0.661,6.9
2025-11-08T06:49:19.095827,0.4278,24.54,512.9,0.6639,6.64
2025-11-08T06:50:19.095827,0.4635,24.96,523.5,0.6789,6.73
2025-11-08T06:51:19.095827,0.4279,25.63,524.9,0.6206,6.85
2025-11-08T06:52:19.095827,0.3702,23.08,493.4,0.6753,6.1
2025-11-08T06:53:19.095827,0.456,26.07,480.7,0.6385,6.29
2025-11-08T06:54:19.095827,0.3978,24.76,482.1,0.6397,6.37
2025-11-08T06:55:19.095827,0.4255,22.85,537.8,0.7013,6.06
2025-11-08T06:56:19.095827,0.3669,22.89,567.0,0.6522,6.36
2025-11-08T06:57:19.095827,0.3833,24.41,557.6,0.666,6.43
2025-11-08T06:58:19.095827,0.4067,25.75,558.0,0.6656,6.06
2025-11-08T06:59:19.095827,0.4064,24.13,486.1,0.6627,6.3
2025-11-08T07:00:19.095827,0.3862,25.32,552.6,0.6084,6.34
2025-11-08T07:01:19.095827,0.3664,26.36,511.4,0.6184,6.91
2025-11-08T07:02:19.095827,0.4611,25.33,488.4,0.6331,6.91
2025-11-08T07:03:19.095827,0.4129,26.42,508.3,0.5915,6.54
2025-11-08T07:04:19.095827,0.4021,24.48,497.0,0.6565,6.16
2025-11-08T07:05:19.095827,0.4451,23.93,552.5,0.6992,6.24
2025-11-08T07:06:19.095827,0.3638,23.1,505.7,0.6665,6.84
2025-11-08T07:07:19.095827,0.3799,23.87,567.6,0.702,6.39
2025-11-08T07:08:19.095827,0.4603,23.71,500.8,0.7187,6.21
2025-11-08T07:09:19.095827,0.4383,26.09,584.7,0.6056,6.02
2025-11-08T07:10:19.095827,0.46,23.06,519.5,0.7174,6.88
2025-11-08T07:11:19.095827,0.4403,24.25,556.1,0.7083,6.01
2025-11-08T07:12:19.095827,0.4538,26.4,538.1,0.6667,6.88
2025-11-08T07:13:19.095827,0.3663,26.52,520.8,0.6419,6.57
2025-11-08T07:14:19.095827,0.46,26.02,551.2,0.6534,6.05
2025-11-08T07:15:19.095827,0.4507,23.14,530.8,0.6469,6.42
2025-11-08T07:16:19.095827,0.3796,24.12,561.3,0.6858,6.09
2025-11-08T07:17:19.095827,0.4468,25.14,547.6,0.6821,6.98
2025-11-08T07:18:19.095827,0.4464,26.02,574.7,0.6665,6.77
2025-11-08T07:19:19.095827,0.3674,25.35,522.4,0.6279,6.07
2025-11-08T07:20:19.095827,0.3918,25.73,585.4,0.6672,6.26
2025-11-08T07:21:19.095827,0.402,26.79,586.6,0.5866,6.26
2025-11-08T07:22:19.095827,0.4031,23.53,606.7,0.682,6.16
2025-11-08T07:23:19.095827,0.3925,24.2,519.4,0.6963,6.41
2025-11-08T07:24:19.095827,0.4276,24.22,547.5,0.6473,6.09
2025-11-08T07:25:19.095827,0.4097,24.32,598.3,0.6627,6.11
2025-11-08T07:26:19.095827,0.3894,23.46,580.8,0.6594,6.39
2025-11-08T07:27:19.095827,0.4241,24.59,593.9,0.6313,6.12
2025-11-08T07:28:19.095827,0.3987,26.76,562.3,0.6137,6.77
2025-11-08T07:29:19.095827,0.4345,25.65,533.5,0.682,6.61
2025-11-08T07:30:19.095827,0.4433,26.25,584.4,0.5841,6.14
2025-11-08T07:31:19.095827,0.364,25.86,573.7,0.5899,6.08
2025-11-08T07:32:19.095827,0.4365,24.93,589.8,0.6425,6.17
2025-11-08T07:33:19.095827,0.3591,26.74,599.8,0.6091,6.24
2025-11-08T07:34:19.095827,0.4332,24.03,587.6,0.6636,6.47
2025-11-08T07:35:19.095827,0.4137,23.51,586.1,0.6775,6.14
2025-11-08T07:36:19.095827,0.4154,25.37,571.0,0.6937,6.95
2025-11-08T07:37:19.095827,0.446,25.46,580.1,0.6723,6.18
2025-11-08T07:38:19.095827,0.3698,24.63,566.7,0.672,6.12
2025-11-08T07:39:19.095827,0.4312,24.21,603.8,0.6945,6.12
2025-11-08T07:40:19.095827,0.3701,27.37,583.6,0.58,6.51
2025-11-08T07:41:19.095827,0.4543,23.99,599.1,0.664,6.59
2025-11-08T07:42:19.095827,0.4105,24.82,578.1,0.6932,6.58
2025-11-08T07:43:19.095827,0.4377,24.84,565.1,0.6587,6.95
2025-11-08T07:44:19.095827,0.3937,26.98,555.2,0.6287,6.91
2025-11-08T07:45:19.095827,0.4186,27.59,579.4,0.6248,6.81
2025-11-08T07:46:19.095827,0.4429,26.97,614.5,0.6471,6.16
2025-11-08T07:47:19.095827,0.4543,26.88,548.6,0.5689,6.91
2025-11-08T07:48:19.095827,0.4301,26.97,557.0,0.5884,6.21
2025-11-08T07:49:19.095827,0.3851,25.91,567.6,0.6445,6.08
2025-11-08T07:50:19.095827,0.4094,27.11,562.2,0.6011,6.62
2025-11-08T07:51:19.095827,0.3744,27.18,547.3,0.601,6.21
2025-11-08T07:52:19.095827,0.3902,26.68,543.4,0.6368,6.35
2025-11-08T07:53:19.095827,0.3815,24.16,635.3,0.6226,6.82
2025-11-08T07:54:19.095827,0.4456,24.69,597.0,0.7026,6.08
2025-11-08T07:55:19.095827,0.3958,23.99,548.0,0.6433,6.72
2025-11-08T07:56:19.095827,0.3845,26.44,607.2,0.617,6.77
2025-11-08T07:57:19.095827,0.3779,27.76,627.3,0.611,6.7
2025-11-08T07:58:19.095827,0.381,24.78,617.1,0.6798,6.5
2025-11-08T07:59:19.095827,0.3848,25.01,583.5,0.6948,6.55
2025-11-08T08:00:19.095827,0.4533,25.56,559.3,0.6461,6.02
2025-11-08T08:01:19.095827,0.4032,26.83,645.9,0.6238,6.54
2025-11-08T08:02:19.095827,0.4521,25.65,613.5,0.5971,6.12
2025-11-08T08:03:19.095827,0.3884,25.0,611.1,0.6542,6.15
2025-11-08T08:04:19.095827,0.4064,24.95,580.9,0.686,6.84
2025-11-08T08:05:19.095827,0.3548,27.23,555.8,0.64,6.6
2025-11-08T08:06:19.095827,0.4344,26.39,557.6,0.6286,6.55
2025-11-08T08:07:19.095827,0.428,24.49,568.1,0.6223,6.01
2025-11-08T08:08:19.095827,0.3756,24.61,600.2,0.668,6.16
2025-11-08T08:09:19.095827,0.3839,25.58,641.6,0.6267,6.58
2025-11-08T08:10:19.095827,0.3826,24.51,598.6,0.7069,6.47
2025-11-08T08:11:19.095827,0.4037,24.16,621.1,0.6462,6.22
2025-11-08T08:12:19.095827,0.3636,27.58,629.7,0.5536,6.48
2025-11-08T08:13:19.095827,0.4339,27.01,615.7,0.57,6.66
2025-11-08T08:14:19.095827,0.3663,26.6,638.3,0.6434,6.01
2025-11-08T08:15:19.095827,0.4101,26.85,582.7,0.625,6.5
2025-11-08T08:16:19.095827,0.4189,24.52,629.0,0.6681,6.71
2025-11-08T08:17:19.095827,0.4475,24.69,587.8,0.6138,6.93
2025-11-08T08:18:19.095827,0.3696,24.61,608.2,0.6306,6.34
2025-11-08T08:19:19.095827,0.4291,24.92,628.5,0.6705,6.89
2025-11-08T08:20:19.095827,0.4147,27.31,654.3,0.6045,6.96
2025-11-08T08:21:19.095827,0.3922,24.74,644.9,0.6288,6.78
2025-11-08T08:22:19.095827,0.37,28.09,599.5,0.5481,6.74
2025-11-08T08:23:19.095827,0.4489,27.04,583.4,0.6195,6.93
2025-11-08T08:24:19.095827,0.3529,24.95,646.5,0.689,6.77
2025-11-08T08:25:19.095827,0.4324,26.42,585.4,0.6577,6.79
2025-11-08T08:26:19.095827,0.3792,27.73,581.4,0.6127,6.52
2025-11-08T08:27:19.095827,0.4052,26.26,656.9,0.6612,6.72
2025-11-08T08:28:19.095827,0.3965,25.56,666.1,0.6061,6.21
2025-11-08T08:29:19.095827,0.411,27.22,666.8,0.6544,6.07
2025-11-08T08:30:19.095827,0.4399,27.86,616.9,0.6108,6.39
2025-11-08T08:31:19.095827,0.3929,27.34,612.1,0.6257,6.76
2025-11-08T08:32:19.095827,0.4154,25.75,577.6,0.6293,6.03
2025-11-08T08:33:19.095827,0.396,27.19,642.5,0.5848,6.87
2025-11-08T08:34:19.095827,0.3933,27.43,651.6,0.563,6.95
2025-11-08T08:35:19.095827,0.3766,24.61,668.9,0.6175,6.14
2025-11-08T08:36:19.095827,0.447,28.22,583.8,0.5958,6.62
2025-11-08T08:37:19.095827,0.4047,26.12,589.3,0.6307,6.13
2025-11-08T08:38:19.095827,0.3771,24.91,633.2,0.642,6.36
2025-11-08T08:39:19.095827,0.3847,27.59,659.6,0.5773,6.14
2025-11-08T08:40:19.095827,0.361,25.54,607.9,0.6363,6.61
2025-11-08T08:41:19.095827,0.432,25.57,673.8,0.6106,6.57
2025-11-08T08:42:19.095827,0.4024,27.38,680.6,0.5636,6.38
2025-11-08T08:43:19.095827,0.4325,26.69,600.0,0.641,6.69
2025-11-08T08:44:19.095827,0.3711,27.86,631.9,0.6243,6.33
2025-11-08T08:45:19.095827,0.4344,28.24,681.9,0.6324,6.69
2025-11-08T08:46:19.095827,0.4308,25.98,631.5,0.5899,6.02
2025-11-08T08:47:19.095827,0.3738,26.72,634.0,0.5771,6.0
2025-11-08T08:48:19.095827,0.3861,25.35,672.5,0.6178,6.48
2025-11-08T08:49:19.095827,0.3757,27.41,659.5,0.5984,6.4
2025-11-08T08:50:19.095827,0.4047,24.86,604.9,0.6523,6.67
2025-11-08T08:51:19.095827,0.3628,27.15,680.6,0.6029,6.73
2025-11-08T08:52:19.095827,0.4115,27.97,594.5,0.618,6.13
2025-11-08T08:53:19.095827,0.3613,26.55,629.1,0.5926,6.3
2025-11-08T08:54:19.095827,0.4252,28.75,679.5,0.6212,6.15
2025-11-08T08:55:19.095827,0.3978,26.84,614.6,0.6239,6.4
2025-11-08T08:56:19.095827,0.4351,25.01,649.9,0.6114,6.8
2025-11-08T08:57:19.095827,0.3717,26.57,677.6,0.6687,6.3
2025-11-08T08:58:19.095827,0.4119,25.21,616.7,0.6255,6.58
2025-11-08T08:59:19.095827,0.3891,25.33,685.8,0.6076,6.41
2025-11-08T09:00:19.095827,0.442,27.19,655.6,0.6177,6.17
2025-11-08T09:01:19.095827,0.3929,27.79,660.8,0.5992,6.42
2025-11-08T09:02:19.095827,0.3733,25.18,678.7,0.6627,6.81
2025-11-08T09:03:19.095827,0.3997,26.84,661.5,0.649,6.92
2025-11-08T09:04:19.095827,0.4229,26.18,682.6,0.5801,6.3
2025-11-08T09:05:19.095827,0.4082,27.89,684.0,0.5884,6.64
2025-11-08T09:06:19.095827,0.4118,27.14,701.6,0.5746,6.32
2025-11-08T09:07:19.095827,0.3704,28.8,630.5,0.6091,6.8
2025-11-08T09:08:19.095827,0.4434,28.48,617.8,0.5497,6.05
2025-11-08T09:09:19.095827,0.4338,25.47,610.1,0.6505,6.36
2025-11-08T09:10:19.095827,0.405,29.16,616.1,0.6128,6.57
2025-11-08T09:11:19.095827,0.4005,25.58,696.6,0.6636,6.16
2025-11-08T09:12:19.095827,0.3689,28.03,704.5,0.6159,6.77
2025-11-08T09:13:19.095827,0.3738,27.86,705.0,0.5452,6.45
2025-11-08T09:14:19.095827,0.4107,28.41,675.8,0.5756,6.92
2025-11-08T09:15:19.095827,0.4247,26.83,673.2,0.6374,6.17
2025-11-08T09:16:19.095827,0.3547,26.54,693.3,0.5992,6.6
2025-11-08T09:17:19.095827,0.4362,27.68,645.2,0.6347,6.5
2025-11-08T09:18:19.095827,0.4416,27.43,678.8,0.5881,6.28
2025-11-08T09:19:19.095827,0.4102,28.17,668.5,0.565,6.63
2025-11-08T09:20:19.095827,0.4146,26.68,689.7,0.6101,6.35
2025-11-08T09:21:19.095827,0.397,28.95,690.5,0.5803,6.62
2025-11-08T09:22:19.095827,0.4105,27.93,639.2,0.5699,6.11
2025-11-08T09:23:19.095827,0.3835,25.71,671.9,0.6241,6.14
2025-11-08T09:24:19.095827,0.4109,25.5,654.2,0.6456,6.14
2025-11-08T09:25:19.095827,0.3847,27.72,680.2,0.6032,6.59
2025-11-08T09:26:19.095827,0.4379,27.38,678.5,0.6059,6.25
2025-11-08T09:27:19.095827,0.3454,26.19,644.4,0.6235,6.93
2025-11-08T09:28:19.095827,0.3835,27.72,673.6,0.5541,6.21
2025-11-08T09:29:19.095827,0.3433,29.45,673.8,0.572,6.81
2025-11-08T09:30:19.095827,0.3907,29.15,630.6,0.5887,6.9
2025-11-08T09:31:19.095827,0.4308,27.13,658.0,0.6057,6.45
2025-11-08T09:32:19.095827,0.427,27.24,695.2,0.613,6.31
2025-11-08T09:33:19.095827,0.3789,28.33,703.5,0.5715,6.11
2025-11-08T09:34:19.095827,0.417,27.45,708.0,0.5729,6.32
2025-11-08T09:35:19.095827,0.4067,29.1,656.4,0.5719,6.24
2025-11-08T09:36:19.095827,0.3986,26.92,717.3,0.5895,6.8
2025-11-08T09:37:19.095827,0.373,26.69,675.9,0.6615,6.75
2025-11-08T09:38:19.095827,0.39,29.45,732.2,0.6098,6.81
2025-11-08T09:39:19.095827,0.4287,28.56,703.1,0.5542,6.38
2025-11-08T09:40:19.095827,0.3421,28.43,713.4,0.6158,6.51
2025-11-08T09:41:19.095827,0.3478,27.39,699.6,0.6173,6.62
2025-11-08T09:42:19.095827,0.3803,26.78,643.9,0.568,6.03
2025-11-08T09:43:19.095827,0.438,26.94,646.0,0.6288,6.97
2025-11-08T09:44:19.095827,0.4359,28.09,652.2,0.6048,6.84
2025-11-08T09:45:19.095827,0.4248,29.59,697.1,0.5804,6.34
2025-11-08T09:46:19.095827,0.36,27.98,717.1,0.641,6.71
2025-11-08T09:47:19.095827,0.4279,27.39,645.9,0.6397,6.03
2025-11-08T09:48:19.095827,0.4085,29.6,721.3,0.5581,6.9
2025-11-08T09:49:19.095827,0.4156,29.31,648.3,0.5318,6.48
2025-11-08T09:50:19.095827,0.3597,29.42,661.0,0.5285,6.27
2025-11-08T09:51:19.095827,0.4387,27.61,671.0,0.6479,6.96
2025-11-08T09:52:19.095827,0.3974,28.42,701.2,0.607,6.79
2025-11-08T09:53:19.095827,0.3394,29.67,691.5,0.5322,6.37
2025-11-08T09:54:19.095827,0.3746,26.59,722.4,0.5945,6.71
2025-11-08T09:55:19.095827,0.4282,29.18,690.3,0.5485,6.84
2025-11-08T09:56:19.095827,0.3486,29.17,733.1,0.6116,6.24
2025-11-08T09:57:19.095827,0.4195,28.31,671.1,0.6345,6.86
2025-11-08T09:58:19.095827,0.3492,27.71,743.1,0.6124,6.82
2025-11-08T09:59:19.095827,0.4265,29.2,677.3,0.5767,6.84
2025-11-08T10:00:19.095827,0.4143,28.84,706.3,0.5921,6.81
2025-11-08T10:01:19.095827,0.378,28.01,662.2,0.5971,6.81
2025-11-08T10:02:19.095827,0.4071,29.2,671.2,0.5274,6.6
2025-11-08T10:03:19.095827,0.4158,29.02,712.5,0.6103,6.46
2025-11-08T10:04:19.095827,0.4037,29.45,691.6,0.5277,6.32
2025-11-08T10:05:19.095827,0.4255,26.54,659.8,0.5924,6.33
2025-11-08T10:06:19.095827,0.4062,28.05,710.7,0.6106,6.41
2025-11-08T10:07:19.095827,0.3887,27.69,701.1,0.6409,6.94
2025-11-08T10:08:19.095827,0.4335,29.32,673.0,0.5731,6.72
2025-11-08T10:09:19.095827,0.399,28.4,676.6,0.6268,6.39
2025-11-08T10:10:19.095827,0.3485,30.0,722.1,0.5583,6.32
2025-11-08T10:11:19.095827,0.4184,29.94,676.2,0.5155,6.44
2025-11-08T10:12:19.095827,0.343,26.61,706.0,0.6491,6.28
2025-11-08T10:13:19.095827,0.36,29.91,708.1,0.503,6.32
2025-11-08T10:14:19.095827,0.3366,27.53,723.7,0.5561,6.31
2025-11-08T10:15:19.095827,0.3892,28.77,713.6,0.5833,6.06
2025-11-08T10:16:19.095827,0.3859,28.74,676.4,0.5639,6.25
2025-11-08T10:17:19.095827,0.4255,29.02,746.2,0.6172,6.47
2025-11-08T10:18:19.095827,0.3406,29.75,696.2,0.6027,6.86
2025-11-08T10:19:19.095827,0.3964,26.69,687.9,0.655,6.61
2025-11-08T10:20:19.095827,0.3409,30.11,753.2,0.5771,6.98
2025-11-08T10:21:19.095827,0.3456,26.39,760.3,0.5793,6.37
2025-11-08T10:22:19.095827,0.3531,29.73,683.4,0.5686,6.44
2025-11-08T10:23:19.095827,0.3623,26.77,760.5,0.5974,6.76
2025-11-08T10:24:19.095827,0.3889,27.0,683.5,0.5757,6.45
2025-11-08T10:25:19.095827,0.4153,26.95,737.0,0.6026,6.49
2025-11-08T10:26:19.095827,0.4331,29.06,680.1,0.595,6.67
2025-11-08T10:27:19.095827,0.4253,30.3,687.6,0.5323,6.37
2025-11-08T10:28:19.095827,0.4317,28.89,749.7,0.5466,6.01
2025-11-08T10:29:19.095827,0.3777,27.08,747.9,0.5774,6.94
2025-11-08T10:30:19.095827,0.3778,29.89,688.4,0.583,6.56
2025-11-08T10:31:19.095827,0.4306,29.13,762.5,0.6148,6.08
2025-11-08T10:32:19.095827,0.4175,28.96,753.4,0.5907,6.23
2025-11-08T10:33:19.095827,0.365,29.14,728.3,0.5726,6.55
2025-11-08T10:34:19.095827,0.3833,26.48,767.5,0.5945,6.83
2025-11-08T10:35:19.095827,0.4177,28.23,752.4,0.5553,6.32
2025-11-08T10:36:19.095827,0.4134,28.48,694.4,0.5802,6.32
2025-11-08T10:37:19.095827,0.3616,28.92,715.8,0.5782,6.1
2025-11-08T10:38:19.095827,0.3766,29.12,763.3,0.5795,6.01
2025-11-08T10:39:19.095827,0.3382,28.22,696.1,0.5966,6.0
2025-11-08T10:40:19.095827,0.4303,28.19,764.9,0.625,6.38
2025-11-08T10:41:19.095827,0.3481,29.62,745.5,0.511,6.98
2025-11-08T10:42:19.095827,0.4104,30.36,701.8,0.5406,6.35
2025-11-08T10:43:19.095827,0.3541,30.03,758.7,0.5796,6.6
2025-11-08T10:44:19.095827,0.3758,28.23,686.5,0.5653,7.0
2025-11-08T10:45:19.095827,0.3381,26.69,689.8,0.5894,6.92
2025-11-08T10:46:19.095827,0.3853,29.16,714.0,0.5303,6.45
2025-11-08T10:47:19.095827,0.3355,30.08,718.1,0.5546,6.69
2025-11-08T10:48:19.095827,0.3311,30.33,767.5,0.5088,6.46
2025-11-08T10:49:19.095827,0.405,29.8,712.6,0.5096,6.69
2025-11-08T10:50:19.095827,0.3651,29.84,721.3,0.5874,6.52
2025-11-08T10:51:19.095827,0.3816,27.03,767.5,0.6461,6.91
2025-11-08T10:52:19.095827,0.4113,28.97,763.9,0.5718,6.51
2025-11-08T10:53:19.095827,0.3705,29.23,758.7,0.6073,6.93
2025-11-08T10:54:19.095827,0.3961,28.01,692.1,0.586,6.9
2025-11-08T10:55:19.095827,0.4202,30.46,693.7,0.4925,6.51
2025-11-08T10:56:19.095827,0.4085,30.56,726.2,0.5217,6.5
2025-11-08T10:57:19.095827,0.4024,27.61,718.0,0.5611,6.37
2025-11-08T10:58:19.095827,0.3846,28.22,741.9,0.6056,6.55
2025-11-08T10:59:19.095827,0.4289,26.99,779.3,0.5632,6.08
2025-11-08T11:00:19.095827,0.3725,28.47,767.4,0.5743,6.66
2025-11-08T11:01:19.095827,0.3359,29.94,783.2,0.5989,6.2
2025-11-08T11:02:19.095827,0.3484,29.22,761.9,0.6008,6.78
2025-11-08T11:03:19.095827,0.3914,30.42,700.4,0.519,6.41
2025-11-08T11:04:19.095827,0.372,28.34,696.0,0.5893,6.48
2025-11-08T11:05:19.095827,0.3536,27.15,715.9,0.6033,6.78
2025-11-08T11:06:19.095827,0.3605,29.9,719.8,0.536,6.57
2025-11-08T11:07:19.095827,0.3689,29.5,717.6,0.5791,6.88
2025-11-08T11:08:19.095827,0.3773,27.43,766.7,0.6068,6.79
2025-11-08T11:09:19.095827,0.3585,30.74,745.1,0.5297,6.94
2025-11-08T11:10:19.095827,0.3901,27.08,753.9,0.651,6.51
2025-11-08T11:11:19.095827,0.3313,30.54,726.6,0.5065,6.92
2025-11-08T11:12:19.095827,0.3412,28.35,729.3,0.6125,6.64
2025-11-08T11:13:19.095827,0.4048,28.65,709.9,0.5879,6.54
2025-11-08T11:14:19.095827,0.3562,28.2,713.1,0.5413,6.54
2025-11-08T11:15:19.095827,0.374,27.46,718.5,0.605,6.77
2025-11-08T11:16:19.095827,0.4124,29.0,697.3,0.6126,6.82
2025-11-08T11:17:19.095827,0.3632,28.01,749.6,0.5499,6.04
2025-11-08T11:18:19.095827,0.4088,28.2,778.2,0.5921,6.71
2025-11-08T11:19:19.095827,0.3721,29.13,739.5,0.5486,6.59
2025-11-08T11:20:19.095827,0.3462,29.05,700.9,0.5959,6.79
2025-11-08T11:21:19.095827,0.3328,27.88,749.1,0.5792,6.7
2025-11-08T11:22:19.095827,0.352,27.2,733.8,0.6324,6.29
2025-11-08T11:23:19.095827,0.3831,30.45,722.8,0.5735,6.35
2025-11-08T11:24:19.095827,0.4166,27.11,756.2,0.6222,6.66
2025-11-08T11:25:19.095827,0.4096,29.51,722.3,0.5502,6.19
2025-11-08T11:26:19.095827,0.3966,30.08,740.5,0.5596,6.1
2025-11-08T11:27:19.095827,0.3761,29.8,791.1,0.5508,6.76
2025-11-08T11:28:19.095827,0.4132,29.86,713.9,0.5091,6.84
2025-11-08T11:29:19.095827,0.348,31.06,788.2,0.5698,6.29
2025-11-08T11:30:19.095827,0.3379,29.58,775.1,0.5744,6.43
2025-11-08T11:31:19.095827,0.3889,28.32,782.4,0.6045,6.87
2025-11-08T11:32:19.095827,0.4154,29.55,769.5,0.5243,6.64
2025-11-08T11:33:19.095827,0.4048,29.57,765.3,0.5806,6.41
2025-11-08T11:34:19.095827,0.4225,28.68,740.9,0.5322,6.81
2025-11-08T11:35:19.095827,0.3623,27.68,730.1,0.5975,6.62
2025-11-08T11:36:19.095827,0.416,28.69,765.1,0.6051,6.86
2025-11-08T11:37:19.095827,0.3974,30.86,716.9,0.5446,6.43
2025-11-08T11:38:19.095827,0.4232,29.38,803.3,0.5376,6.47
2025-11-08T11:39:19.095827,0.4076,29.32,738.6,0.5354,6.77
2025-11-08T11:40:19.095827,0.3954,27.23,761.3,0.5922,6.47
2025-11-08T11:41:19.095827,0.4182,28.07,739.7,0.543,6.46
2025-11-08T11:42:19.095827,0.3329,28.11,803.7,0.5991,6.26
2025-11-08T11:43:19.095827,0.4231,28.61,715.5,0.5486,6.57
2025-11-08T11:44:19.095827,0.4115,28.21,711.3,0.6204,6.22
2025-11-08T11:45:19.095827,0.343,29.34,739.6,0.547,6.51
2025-11-08T11:46:19.095827,0.3833,27.62,776.4,0.6353,6.7
2025-11-08T11:47:19.095827,0.3826,28.44,727.6,0.6144,6.35
2025-11-08T11:48:19.095827,0.3371,29.14,780.5,0.5337,6.55
2025-11-08T11:49:19.095827,0.3589,30.6,729.3,0.4893,6.87
2025-11-08T11:50:19.095827,0.3281,30.81,733.2,0.5325,6.36
2025-11-08T11:51:19.095827,0.369,27.46,738.7,0.5729,6.2
2025-11-08T11:52:19.095827,0.3225,27.32,750.2,0.5837,6.67
2025-11-08T11:53:19.095827,0.3726,30.43,719.0,0.5156,6.08
2025-11-08T11:54:19.095827,0.3577,30.48,763.3,0.552,6.3
2025-11-08T11:55:19.095827,0.3345,31.17,748.3,0.5597,6.05
2025-11-08T11:56:19.095827,0.4041,28.03,759.3,0.6389,6.25
2025-11-08T11:57:19.095827,0.4026,29.86,813.7,0.5866,6.88
2025-11-08T11:58:19.095827,0.4166,30.73,725.7,0.5195,6.12
2025-11-08T11:59:19.095827,0.4064,30.82,734.2,0.5753,6.72
2025-11-08T12:00:19.095827,0.4195,31.29,792.1,0.5047,6.34
2025-11-08T12:01:19.095827,0.4105,31.26,741.4,0.5543,6.88
2025-11-08T12:02:19.095827,0.3722,27.64,739.8,0.5828,6.5
2025-11-08T12:03:19.095827,0.3394,30.5,733.6,0.5343,6.2
2025-11-08T12:04:19.095827,0.3813,29.81,803.0,0.5102,6.58
2025-11-08T12:05:19.095827,0.3222,28.57,778.2,0.5401,6.14
2025-11-08T12:06:19.095827,0.3431,27.77,740.0,0.5828,6.56
2025-11-08T12:07:19.095827,0.3967,29.11,736.3,0.5462,6.86
2025-11-08T12:08:19.095827,0.4042,28.68,814.3,0.5982,6.98
2025-11-08T12:09:19.095827,0.3297,28.04,803.8,0.5962,6.93
2025-11-08T12:10:19.095827,0.3999,29.84,772.7,0.5776,6.97
2025-11-08T12:11:19.095827,0.3359,28.84,740.6,0.5395,6.1
2025-11-08T12:12:19.095827,0.3312,27.62,726.3,0.6455,6.91
2025-11-08T12:13:19.095827,0.3654,31.22,786.1,0.5582,6.55
2025-11-08T12:14:19.095827,0.4105,29.44,796.3,0.5997,6.19
2025-11-08T12:15:19.095827,0.3383,28.08,781.4,0.572,6.41
2025-11-08T12:16:19.095827,0.4072,28.17,816.0,0.55,6.54
2025-11-08T12:17:19.095827,0.3672,31.03,740.2,0.5224,6.51
2025-11-08T12:18:19.095827,0.3974,30.11,806.0,0.5521,6.61
2025-11-08T12:19:19.095827,0.3554,29.87,765.4,0.5546,6.26
2025-11-08T12:20:19.095827,0.4111,29.21,728.5,0.5915,6.92
2025-11-08T12:21:19.095827,0.3994,28.03,753.1,0.597,6.38
2025-11-08T12:22:19.095827,0.3611,28.83,754.0,0.5796,6.96
2025-11-08T12:23:19.095827,0.32,29.09,771.1,0.5335,6.84
2025-11-08T12:24:19.095827,0.3726,27.56,750.0,0.6068,6.73
2025-11-08T12:25:19.095827,0.3391,30.34,770.4,0.5867,6.11
2025-11-08T12:26:19.095827,0.3434,30.47,773.8,0.5408,6.63
2025-11-08T12:27:19.095827,0.4144,29.41,806.5,0.5287,6.37
2025-11-08T12:28:19.095827,0.3564,28.75,734.5,0.5748,6.5
2025-11-08T12:29:19.095827,0.3743,30.79,818.4,0.5218,6.23
2025-11-08T12:30:19.095827,0.389,28.84,752.7,0.5903,6.39
2025-11-08T12:31:19.095827,0.3837,30.14,795.1,0.5224,6.01
2025-11-08T12:32:19.095827,0.406,29.4,793.2,0.5505,6.77
2025-11-08T12:33:19.095827,0.3643,30.9,755.2,0.4905,6.06
2025-11-08T12:34:19.095827,0.3739,30.94,770.9,0.5209,6.28
2025-11-08T12:35:19.095827,0.3715,29.32,758.4,0.5309,6.03
2025-11-08T12:36:19.095827,0.4156,31.03,815.7,0.5166,6.39
2025-11-08T12:37:19.095827,0.3978,29.63,757.3,0.5796,6.79
2025-11-08T12:38:19.095827,0.3381,29.96,784.5,0.5895,6.27
2025-11-08T12:39:19.095827,0.3327,31.24,743.2,0.5458,6.25
2025-11-08T12:40:19.095827,0.3834,29.64,768.4,0.5568,6.8
2025-11-08T12:41:19.095827,0.3931,28.08,802.0,0.6047,6.05
2025-11-08T12:42:19.095827,0.3165,29.31,826.3,0.5866,6.08
2025-11-08T12:43:19.095827,0.3731,30.0,831.4,0.5234,6.05
2025-11-08T12:44:19.095827,0.3948,29.49,817.7,0.5328,6.54
2025-11-08T12:45:19.095827,0.3851,29.9,791.3,0.5062,6.29
2025-11-08T12:46:19.095827,0.3629,30.83,788.5,0.5696,6.95
2025-11-08T12:47:19.095827,0.3218,30.21,828.4,0.5692,6.64
2025-11-08T12:48:19.095827,0.3756,31.32,835.0,0.5383,6.98
2025-11-08T12:49:19.095827,0.3785,28.26,761.3,0.6301,6.73
2025-11-08T12:50:19.095827,0.3933,31.42,833.4,0.5662,6.26
2025-11-08T12:51:19.095827,0.383,28.77,754.7,0.5793,6.35
2025-11-08T12:52:19.095827,0.3808,29.16,823.0,0.5722,6.8
2025-11-08T12:53:19.095827,0.3612,28.6,820.2,0.5363,6.18
2025-11-08T12:54:19.095827,0.3195,27.8,795.1,0.6408,6.67
2025-11-08T12:55:19.095827,0.3258,29.99,829.0,0.5915,6.12
2025-11-08T12:56:19.095827,0.3872,30.15,796.3,0.5759,6.47
2025-11-08T12:57:19.095827,0.3588,30.3,802.1,0.5425,6.91
2025-11-08T12:58:19.095827,0.3944,28.86,792.9,0.5519,6.28
2025-11-08T12:59:19.095827,0.3142,28.79,785.5,0.5729,6.48
2025-11-08T13:00:19.095827,0.3342,29.28,791.2,0.5433,6.96
2025-11-08T13:01:19.095827,0.3901,30.01,759.8,0.5412,6.82
2025-11-08T13:02:19.095827,0.3294,30.71,760.8,0.5668,6.57
2025-11-08T13:03:19.095827,0.3351,28.56,839.0,0.6274,6.72
2025-11-08T13:04:19.095827,0.3587,28.8,770.9,0.6036,6.44
2025-11-08T13:05:19.095827,0.3887,28.33,787.8,0.5871,6.77
2025-11-08T13:06:19.095827,0.3373,30.98,827.9,0.5222,6.02
2025-11-08T13:07:19.095827,0.3877,31.18,777.6,0.506,6.2
2025-11-08T13:08:19.095827,0.3502,29.88,788.7,0.5643,6.43
2025-11-08T13:09:19.095827,0.3814,28.11,815.7,0.5466,6.38
2025-11-08T13:10:19.095827,0.4067,31.49,823.7,0.5505,6.03
2025-11-08T13:11:19.095827,0.3263,30.79,838.7,0.5127,6.14
2025-11-08T13:12:19.095827,0.3324,30.31,766.2,0.5794,6.65
2025-11-08T13:13:19.095827,0.3657,30.65,795.2,0.5858,6.18
2025-11-08T13:14:19.095827,0.3393,29.2,761.2,0.571,6.83
2025-11-08T13:15:19.095827,0.3368,31.39,808.9,0.5288,6.25
2025-11-08T13:16:19.095827,0.3894,29.71,748.9,0.5864,6.58
2025-11-08T13:17:19.095827,0.3623,28.49,810.8,0.569,6.71
2025-11-08T13:18:19.095827,0.3446,31.46,754.4,0.5169,6.44
2025-11-08T13:19:19.095827,0.3326,31.21,825.9,0.497,6.5
2025-11-08T13:20:19.095827,0.3203,31.83,810.2,0.5027,6.24
2025-11-08T13:21:19.095827,0.3786,28.93,824.4,0.5419,6.85
2025-11-08T13:22:19.095827,0.3586,29.6,760.7,0.5174,6.7
2025-11-08T13:23:19.095827,0.3778,30.05,835.3,0.5034,6.28
2025-11-08T13:24:19.095827,0.3609,28.17,769.1,0.5918,6.24
2025-11-08T13:25:19.095827,0.3861,28.87,750.8,0.6236,6.87
2025-11-08T13:26:19.095827,0.3093,31.3,755.8,0.516,6.64
2025-11-08T13:27:19.095827,0.3716,31.57,790.6,0.4904,6.59
2025-11-08T13:28:19.095827,0.3707,30.21,789.0,0.581,6.81
2025-11-08T13:29:19.095827,0.3414,28.87,808.2,0.6171,6.06
2025-11-08T13:30:19.095827,0.3776,28.76,745.3,0.5396,6.44
2025-11-08T13:31:19.095827,0.4018,29.41,781.6,0.5668,6.29
2025-11-08T13:32:19.095827,0.3907,29.36,759.1,0.5978,6.17
2025-11-08T13:33:19.095827,0.3682,30.11,796.0,0.5079,6.51
2025-11-08T13:34:19.095827,0.3142,30.38,837.1,0.4971,6.68
2025-11-08T13:35:19.095827,0.328,28.74,790.2,0.5297,6.48
2025-11-08T13:36:19.095827,0.3085,29.76,780.6,0.5553,6.94
2025-11-08T13:37:19.095827,0.4063,30.68,810.7,0.5323,6.13
2025-11-08T13:38:19.095827,0.3889,29.46,822.8,0.5199,6.46
2025-11-08T13:39:19.095827,0.3288,31.77,836.4,0.5383,6.2
2025-11-08T13:40:19.095827,0.3511,31.69,835.4,0.5547,6.53
2025-11-08T13:41:19.095827,0.3605,29.71,788.7,0.5892,6.6
2025-11-08T13:42:19.095827,0.3337,28.0,842.2,0.629,6.9
2025-11-08T13:43:19.095827,0.3082,28.14,798.2,0.6021,6.5
2025-11-08T13:44:19.095827,0.4007,30.85,807.4,0.5709,6.91
2025-11-08T13:45:19.095827,0.3348,31.76,832.7,0.5128,6.24
2025-11-08T13:46:19.095827,0.3246,28.27,751.5,0.6272,6.41
2025-11-08T13:47:19.095827,0.3367,31.59,833.8,0.5403,6.04
2025-11-08T13:48:19.095827,0.3181,28.51,760.4,0.6258,6.28
2025-11-08T13:49:19.095827,0.3451,28.56,783.8,0.5899,6.88
2025-11-08T13:50:19.095827,0.3999,31.31,760.3,0.5056,6.77
2025-11-08T13:51:19.095827,0.3819,29.06,835.5,0.6001,6.82
2025-11-08T13:52:19.095827,0.3791,31.94,753.9,0.5195,6.97
2025-11-08T13:53:19.095827,0.3162,31.7,845.4,0.4906,6.75
2025-11-08T13:54:19.095827,0.3127,30.86,794.3,0.5015,6.28
2025-11-08T13:55:19.095827,0.3405,31.03,794.1,0.569,6.7
2025-11-08T13:56:19.095827,0.3422,28.24,773.6,0.5541,6.86
2025-11-08T13:57:19.095827,0.3302,31.71,779.6,0.5234,6.29
2025-11-08T13:58:19.095827,0.3237,28.36,796.6,0.5529,6.78
2025-11-08T13:59:19.095827,0.3992,31.44,832.8,0.5126,6.34
2025-11-08T14:00:19.095827,0.3338,30.74,847.9,0.5076,7.0
2025-11-08T14:01:19.095827,0.3159,30.91,828.2,0.5582,6.55
2025-11-08T14:02:19.095827,0.3459,31.81,785.7,0.5521,6.99
2025-11-08T14:03:19.095827,0.3385,29.47,777.0,0.5979,6.74
2025-11-08T14:04:19.095827,0.3511,31.47,811.8,0.5186,6.02
2025-11-08T14:05:19.095827,0.3872,31.29,832.4,0.5348,6.33
2025-11-08T14:06:19.095827,0.3483,31.56,774.5,0.4865,6.61
2025-11-08T14:07:19.095827,0.379,30.94,759.0,0.5442,6.25
2025-11-08T14:08:19.095827,0.3274,28.15,779.2,0.5604,6.95
2025-11-08T14:09:19.095827,0.3397,30.81,822.1,0.5606,6.38
2025-11-08T14:10:19.095827,0.3706,28.25,835.1,0.5679,6.34
2025-11-08T14:11:19.095827,0.3657,28.67,763.6,0.5489,6.92
2025-11-08T14:12:19.095827,0.3779,28.08,829.5,0.5538,6.41
2025-11-08T14:13:19.095827,0.3185,31.59,756.6,0.4852,6.18
2025-11-08T14:14:19.095827,0.3211,29.09,805.4,0.5976,6.89
2025-11-08T14:15:19.095827,0.3177,29.88,788.6,0.5453,6.9
2025-11-08T14:16:19.095827,0.3885,28.23,772.6,0.5827,7.0
2025-11-08T14:17:19.095827,0.3497,31.34,830.9,0.5692,6.72
2025-11-08T14:18:19.095827,0.347,30.7,838.0,0.5468,6.37
2025-11-08T14:19:19.095827,0.3564,31.27,771.2,0.482,6.67
2025-11-08T14:20:19.095827,0.3115,30.57,818.3,0.5753,6.04
2025-11-08T14:21:19.095827,0.336,28.58,786.6,0.5442,6.78
2025-11-08T14:22:19.095827,0.3115,30.07,789.5,0.5784,6.92
2025-11-08T14:23:19.095827,0.347,28.86,778.3,0.5573,6.08
2025-11-08T14:24:19.095827,0.3335,29.53,797.8,0.5799,6.28
2025-11-08T14:25:19.095827,0.3617,30.77,782.8,0.5785,6.02
2025-11-08T14:26:19.095827,0.3223,31.3,835.0,0.5237,6.88
2025-11-08T14:27:19.095827,0.3647,29.51,839.0,0.5876,6.58
2025-11-08T14:28:19.095827,0.3278,31.0,811.6,0.4829,6.18
2025-11-08T14:29:19.095827,0.3808,30.39,795.3,0.576,6.33
2025-11-08T14:30:19.095827,0.385,31.15,803.5,0.5618,6.92
2025-11-08T14:31:19.095827,0.3935,28.19,807.3,0.5719,6.53
2025-11-08T14:32:19.095827,0.383,31.53,762.1,0.5075,6.52
2025-11-08T14:33:19.095827,0.3673,28.57,841.6,0.5899,6.39
2025-11-08T14:34:19.095827,0.3613,28.12,791.6,0.5907,6.81
2025-11-08T14:35:19.095827,0.3726,29.21,804.2,0.5385,6.72
2025-11-08T14:36:19.095827,0.3009,29.47,815.3,0.5448,6.96
2025-11-08T14:37:19.095827,0.3564,29.16,835.3,0.5546,6.78
2025-11-08T14:38:19.095827,0.376,30.23,777.5,0.5756,6.28
2025-11-08T14:39:19.095827,0.376,30.82,820.3,0.5693,6.41
2025-11-08T14:40:19.095827,0.361,29.48,788.7,0.5317,6.36
2025-11-08T14:41:19.095827,0.3304,31.76,824.7,0.4712,6.21
2025-11-08T14:42:19.095827,0.3222,30.68,769.8,0.5154,6.72
2025-11-08T14:43:19.095827,0.3689,28.12,832.8,0.6279,6.17
2025-11-08T14:44:19.095827,0.3975,29.74,781.4,0.5748,6.56
2025-11-08T14:45:19.095827,0.3634,28.76,798.9,0.5337,6.03
2025-11-08T14:46:19.095827,0.3618,31.61,780.4,0.5522,6.45
2025-11-08T14:47:19.095827,0.3972,31.37,796.0,0.5335,6.64
2025-11-08T14:48:19.095827,0.3695,30.39,833.0,0.5796,6.79
2025-11-08T14:49:19.095827,0.3487,31.32,841.8,0.4875,6.9
2025-11-08T14:50:19.095827,0.3396,29.14,769.7,0.5874,6.85
2025-11-08T14:51:19.095827,0.324,31.53,778.3,0.5547,6.4
2025-11-08T14:52:19.095827,0.3859,31.3,839.8,0.4787,6.3
2025-11-08T14:53:19.095827,0.3921,31.47,815.2,0.4961,6.76
2025-11-08T14:54:19.095827,0.3193,28.31,762.0,0.6256,6.22
2025-11-08T14:55:19.095827,0.3499,28.72,770.5,0.5318,6.61
2025-11-08T14:56:19.095827,0.3063,28.52,749.8,0.5591,6.18
2025-11-08T14:57:19.095827,0.3404,30.85,795.4,0.5381,6.82
2025-11-08T14:58:19.095827,0.3105,29.77,825.4,0.5209,6.65
2025-11-08T14:59:19.095827,0.3868,31.77,818.8,0.5511,6.8
2025-11-08T15:00:19.095827,0.3178,30.38,798.8,0.5641,6.42
2025-11-08T15:01:19.095827,0.3502,30.33,772.2,0.5488,6.87
2025-11-08T15:02:19.095827,0.3644,30.73,840.2,0.5709,6.77
2025-11-08T15:03:19.095827,0.3014,31.92,756.4,0.5297,6.18
2025-11-08T15:04:19.095827,0.3615,30.09,819.2,0.5483,6.05
2025-11-08T15:05:19.095827,0.3096,29.85,790.2,0.5814,6.28
2025-11-08T15:06:19.095827,0.3455,31.72,838.6,0.5555,6.2
2025-11-08T15:07:19.095827,0.3658,31.7,795.3,0.5079,6.03
2025-11-08T15:08:19.095827,0.3346,30.73,806.5,0.5258,6.82
2025-11-08T15:09:19.095827,0.3901,29.12,756.6,0.5252,6.44
2025-11-08T15:10:19.095827,0.3689,28.05,815.7,0.5567,6.86
2025-11-08T15:11:19.095827,0.312,29.47,787.1,0.5329,6.26
2025-11-08T15:12:19.095827,0.3331,29.46,819.9,0.5453,6.39
2025-11-08T15:13:19.095827,0.3178,30.36,846.2,0.5885,6.79
2025-11-08T15:14:19.095827,0.3062,31.23,760.7,0.5574,6.47
2025-11-08T15:15:19.095827,0.3589,28.28,796.2,0.6232,6.02
2025-11-08T15:16:19.095827,0.3744,29.86,774.7,0.5346,6.3
2025-11-08T15:17:19.095827,0.3883,29.55,800.6,0.5381,6.88
2025-11-08T15:18:19.095827,0.3227,31.07,837.8,0.5109,6.38
2025-11-08T15:19:19.095827,0.3394,30.2,775.7,0.5267,6.51
2025-11-08T15:20:19.095827,0.3871,28.97,772.9,0.5407,6.3
2025-11-08T15:21:19.095827,0.3858,30.15,801.2,0.5119,6.26
2025-11-08T15:22:19.095827,0.3075,29.95,769.8,0.5775,6.93
2025-11-08T15:23:19.095827,0.3872,28.81,835.5,0.6181,6.78
2025-11-08T15:24:19.095827,0.3119,28.15,785.4,0.545,6.11
2025-11-08T15:25:19.095827,0.3734,28.21,822.3,0.5581,6.12
2025-11-08T15:26:19.095827,0.3069,31.41,748.2,0.5653,6.26
2025-11-08T15:27:19.095827,0.38,31.58,818.5,0.4964,6.8
2025-11-08T15:28:19.095827,0.3182,28.46,784.9,0.5355,6.57
2025-11-08T15:29:19.095827,0.3138,29.13,840.6,0.5951,6.83
2025-11-08T15:30:19.095827,0.3811,29.25,758.1,0.5616,6.08
2025-11-08T15:31:19.095827,0.3636,30.16,792.2,0.5528,6.91
2025-11-08T15:32:19.095827,0.3912,28.51,769.6,0.6192,6.91
2025-11-08T15:33:19.095827,0.3908,30.41,772.5,0.5561,6.19
2025-11-08T15:34:19.095827,0.3514,28.4,749.0,0.6125,6.79
2025-11-08T15:35:19.095827,0.3768,27.97,799.6,0.5785,6.82
2025-11-08T15:36:19.095827,0.3647,28.0,811.4,0.5608,6.47
2025-11-08T15:37:19.095827,0.3881,29.73,807.1,0.5057,6.19
2025-11-08T15:38:19.095827,0.3161,31.71,765.7,0.4786,6.05
2025-11-08T15:39:19.095827,0.3803,28.11,797.1,0.5631,6.25
2025-11-08T15:40:19.095827,0.3639,29.48,779.2,0.563,6.45
2025-11-08T15:41:19.095827,0.3497,28.42,768.6,0.6295,6.07
2025-11-08T15:42:19.095827,0.341,30.17,752.0,0.5461,6.99
2025-11-08T15:43:19.095827,0.3117,31.14,774.2,0.5103,6.89
2025-11-08T15:44:19.095827,0.3834,29.76,816.4,0.5659,6.63
2025-11-08T15:45:19.095827,0.3625,29.3,827.8,0.5652,6.43
2025-11-08T15:46:19.095827,0.3223,31.66,840.1,0.4779,6.12
2025-11-08T15:47:19.095827,0.3834,28.83,829.5,0.5799,6.13
2025-11-08T15:48:19.095827,0.3538,28.32,811.7,0.6053,6.36
2025-11-08T15:49:19.095827,0.3845,31.41,760.2,0.4974,6.08
2025-11-08T15:50:19.095827,0.3788,30.34,760.6,0.5154,6.8
2025-11-08T15:51:19.095827,0.3003,28.98,773.6,0.5294,6.35
2025-11-08T15:52:19.095827,0.3164,30.52,820.5,0.551,6.01
2025-11-08T15:53:19.095827,0.3224,31.25,809.3,0.5662,6.76
2025-11-08T15:54:19.095827,0.3635,30.05,746.0,0.54,6.88
2025-11-08T15:55:19.095827,0.3565,29.52,795.6,0.6012,6.9
2025-11-08T15:56:19.095827,0.3869,29.37,828.1,0.5738,6.13
2025-11-08T15:57:19.095827,0.3635,30.53,756.2,0.5222,6.96
2025-11-08T15:58:19.095827,0.2917,31.44,816.2,0.5332,6.95
2025-11-08T15:59:19.095827,0.3659,30.32,776.9,0.5177,6.83
2025-11-08T16:00:19.095827,0.3692,28.47,747.1,0.606,6.28
2025-11-08T16:01:19.095827,0.3179,30.36,833.4,0.5051,6.76
2025-11-08T16:02:19.095827,0.3409,30.29,815.4,0.4998,6.71
2025-11-08T16:03:19.095827,0.3482,30.56,826.9,0.5545,6.84
2025-11-08T16:04:19.095827,0.376,31.15,767.3,0.5045,6.76
2025-11-08T16:05:19.095827,0.2929,29.76,741.2,0.5486,6.43
2025-11-08T16:06:19.095827,0.386,31.68,829.6,0.5542,6.0
2025-11-08T16:07:19.095827,0.302,29.85,748.5,0.5308,6.06
2025-11-08T16:08:19.095827,0.3215,28.76,776.6,0.5286,6.83
2025-11-08T16:09:19.095827,0.3521,28.69,800.8,0.5753,6.23
2025-11-08T16:10:19.095827,0.3087,29.39,811.9,0.6039,6.84
2025-11-08T16:11:19.095827,0.3483,28.41,749.4,0.5845,6.42
2025-11-08T16:12:19.095827,0.3314,29.73,767.2,0.5933,6.53
2025-11-08T16:13:19.095827,0.3427,30.12,763.8,0.5439,6.53
2025-11-08T16:14:19.095827,0.3829,30.48,742.5,0.5843,6.03
2025-11-08T16:15:19.095827,0.2979,30.77,757.4,0.4989,6.74
2025-11-08T16:16:19.095827,0.2922,27.98,828.9,0.5451,6.09
2025-11-08T16:17:19.095827,0.3181,30.61,762.1,0.5085,6.69
2025-11-08T16:18:19.095827,0.3202,30.36,757.0,0.5924,6.47
2025-11-08T16:19:19.095827,0.3606,30.4,758.9,0.495,6.22
2025-11-08T16:20:19.095827,0.3271,28.05,801.2,0.5422,6.4
2025-11-08T16:21:19.095827,0.377,29.99,771.6,0.5408,6.77
2025-11-08T16:22:19.095827,0.3027,31.06,810.8,0.5572,6.12
2025-11-08T16:23:19.095827,0.2889,31.34,780.3,0.4748,6.24
2025-11-08T16:24:19.095827,0.3633,30.91,831.2,0.5366,6.96
2025-11-08T16:25:19.095827,0.3782,28.15,780.8,0.5588,6.45
2025-11-08T16:26:19.095827,0.3156,30.11,808.9,0.544,6.59
2025-11-08T16:27:19.095827,0.3499,31.59,781.5,0.5503,6.19
2025-11-08T16:28:19.095827,0.2903,30.95,736.4,0.5579,6.23
2025-11-08T16:29:19.095827,0.3531,29.32,747.7,0.5218,6.4
2025-11-08T16:30:19.095827,0.3193,31.14,739.2,0.5745,6.97
2025-11-08T16:31:19.095827,0.3761,28.96,740.2,0.5368,6.5
2025-11-08T16:32:19.095827,0.3561,31.09,734.4,0.5601,6.93
2025-11-08T16:33:19.095827,0.3059,29.36,816.0,0.5658,6.99
2025-11-08T16:34:19.095827,0.2941,29.93,763.0,0.5832,6.03
2025-11-08T16:35:19.095827,0.3442,31.26,801.6,0.5043,6.85
2025-11-08T16:36:19.095827,0.3489,31.29,790.7,0.5424,6.94
2025-11-08T16:37:19.095827,0.3804,28.54,734.5,0.5419,6.75
2025-11-08T16:38:19.095827,0.3683,28.81,778.7,0.6132,6.45
2025-11-08T16:39:19.095827,0.3436,30.78,778.6,0.5219,6.02
2025-11-08T16:40:19.095827,0.3746,29.38,765.1,0.6068,6.29
2025-11-08T16:41:19.095827,0.2844,29.31,762.0,0.568,6.0
2025-11-08T16:42:19.095827,0.3134,30.8,744.8,0.5623,6.09
2025-11-08T16:43:19.095827,0.3808,29.2,792.6,0.6157,6.43
2025-11-08T16:44:19.095827,0.3452,31.1,817.9,0.5671,6.38
2025-11-08T16:45:19.095827,0.3588,29.96,742.0,0.5834,6.05
2025-11-08T16:46:19.095827,0.2924,27.64,787.4,0.5492,6.69
2025-11-08T16:47:19.095827,0.3086,27.81,742.5,0.6444,6.27
2025-11-08T16:48:19.095827,0.3089,28.47,752.4,0.5398,6.82
2025-11-08T16:49:19.095827,0.3737,30.06,739.6,0.5221,6.9
2025-11-08T16:50:19.095827,0.3669,29.11,727.4,0.5936,6.04
2025-11-08T16:51:19.095827,0.3427,28.54,740.3,0.6011,6.17
2025-11-08T16:52:19.095827,0.3184,30.13,808.8,0.5358,6.02
2025-11-08T16:53:19.095827,0.3234,28.23,772.8,0.6188,6.46
2025-11-08T16:54:19.095827,0.3317,27.55,737.7,0.5971,6.28
2025-11-08T16:55:19.095827,0.2842,29.84,802.1,0.602,6.07
2025-11-08T16:56:19.095827,0.3755,29.18,750.3,0.5218,6.29
2025-11-08T16:57:19.095827,0.3558,28.75,792.0,0.616,6.02
2025-11-08T16:58:19.095827,0.3546,27.47,742.5,0.5612,6.62
2025-11-08T16:59:19.095827,0.2824,30.57,723.3,0.5506,6.89
2025-11-08T17:00:19.095827,0.3517,28.56,810.9,0.6106,6.07
2025-11-08T17:01:19.095827,0.3538,29.78,789.9,0.5634,6.74
2025-11-08T17:02:19.095827,0.3526,29.73,747.0,0.5795,6.69
2025-11-08T17:03:19.095827,0.3527,29.72,745.6,0.5109,6.55
2025-11-08T17:04:19.095827,0.3666,29.62,738.3,0.5892,6.6
2025-11-08T17:05:19.095827,0.3121,30.05,747.1,0.5778,6.3
2025-11-08T17:06:19.095827,0.329,30.3,774.9,0.5767,6.67
2025-11-08T17:07:19.095827,0.3348,29.61,773.0,0.5332,6.53
2025-11-08T17:08:19.095827,0.3346,31.12,791.1,0.5657,6.96
2025-11-08T17:09:19.095827,0.3668,29.34,772.2,0.5509,6.18
2025-11-08T17:10:19.095827,0.2945,29.03,786.6,0.5949,6.42
2025-11-08T17:11:19.095827,0.2921,28.47,743.2,0.5996,6.09
2025-11-08T17:12:19.095827,0.2969,28.03,782.3,0.5558,6.76
2025-11-08T17:13:19.095827,0.3522,30.72,759.5,0.5163,6.69
2025-11-08T17:14:19.095827,0.3074,29.29,755.3,0.5333,6.84
2025-11-08T17:15:19.095827,0.2845,28.71,733.8,0.5623,6.77
2025-11-08T17:16:19.095827,0.3675,29.2,771.2,0.5392,6.97
2025-11-08T17:17:19.095827,0.3597,27.89,749.2,0.5853,6.02
2025-11-08T17:18:19.095827,0.3334,27.56,750.8,0.5567,6.11
2025-11-08T17:19:19.095827,0.3311,28.47,743.7,0.557,6.32
2025-11-08T17:20:19.095827,0.2999,29.17,714.5,0.601,6.23
2025-11-08T17:21:19.095827,0.3602,30.62,768.0,0.5807,6.52
2025-11-08T17:22:19.095827,0.3752,27.33,750.6,0.6494,6.06
2025-11-08T17:23:19.095827,0.3371,30.14,782.6,0.5495,6.97
2025-11-08T17:24:19.095827,0.3291,30.29,718.7,0.566,6.82
2025-11-08T17:25:19.095827,0.3184,30.56,785.1,0.5662,6.34
2025-11-08T17:26:19.095827,0.2935,27.61,799.6,0.6023,6.86
2025-11-08T17:27:19.095827,0.3163,30.9,743.6,0.5291,6.62
2025-11-08T17:28:19.095827,0.3574,28.07,711.5,0.6222,6.49
2025-11-08T17:29:19.095827,0.3397,29.14,779.1,0.598,6.09
2025-11-08T17:30:19.095827,0.3548,28.97,709.4,0.5417,6.45
2025-11-08T17:31:19.095827,0.3097,29.13,754.8,0.5603,6.64
2025-11-08T17:32:19.095827,0.281,29.1,798.0,0.5504,6.47
2025-11-08T17:33:19.095827,0.277,29.51,776.3,0.5582,6.59
2025-11-08T17:34:19.095827,0.3487,29.59,793.1,0.601,6.09
2025-11-08T17:35:19.095827,0.3426,27.78,728.8,0.6256,6.27
2025-11-08T17:36:19.095827,0.3278,27.53,763.1,0.6101,6.9
2025-11-08T17:37:19.095827,0.3432,28.9,719.4,0.5236,6.1
2025-11-08T17:38:19.095827,0.2963,28.18,759.5,0.5513,6.92
2025-11-08T17:39:19.095827,0.3624,30.31,794.2,0.4971,6.12
2025-11-08T17:40:19.095827,0.2818,29.82,723.3,0.5439,6.17
2025-11-08T17:41:19.095827,0.3456,28.36,741.6,0.5707,6.29
2025-11-08T17:42:19.095827,0.2984,30.57,768.7,0.5257,6.59
2025-11-08T17:43:19.095827,0.3688,27.88,728.8,0.5562,6.26
2025-11-08T17:44:19.095827,0.2825,28.78,726.5,0.5955,6.2
2025-11-08T17:45:19.095827,0.3303,28.04,729.3,0.5895,6.14
2025-11-08T17:46:19.095827,0.3391,30.83,724.6,0.5141,6.33
2025-11-08T17:47:19.095827,0.3683,30.23,763.2,0.5402,6.02
2025-11-08T17:48:19.095827,0.282,28.1,763.4,0.5667,6.49
2025-11-08T17:49:19.095827,0.286,27.46,780.2,0.6506,6.77
2025-11-08T17:50:19.095827,0.3544,29.69,766.7,0.5499,6.88
2025-11-08T17:51:19.095827,0.3121,30.0,756.9,0.5297,6.54
2025-11-08T17:52:19.095827,0.3634,30.4,699.7,0.5177,6.37
2025-11-08T17:53:19.095827,0.3398,27.82,746.4,0.644,6.53
2025-11-08T17:54:19.095827,0.3391,28.98,701.7,0.5972,6.39
2025-11-08T17:55:19.095827,0.335,27.72,725.4,0.6042,6.69
2025-11-08T17:56:19.095827,0.3152,29.16,789.1,0.5588,6.37
2025-11-08T17:57:19.095827,0.3249,27.65,706.8,0.5943,6.36
2025-11-08T17:58:19.095827,0.3627,29.77,738.7,0.5555,6.3
2025-11-08T17:59:19.095827,0.3143,28.81,695.0,0.564,6.39
2025-11-08T18:00:19.095827,0.3128,30.61,761.6,0.4876,6.67
2025-11-08T18:01:19.095827,0.3268,30.4,770.7,0.5407,6.24
2025-11-08T18:02:19.095827,0.319,30.68,763.5,0.5742,6.25
2025-11-08T18:03:19.095827,0.3593,27.52,730.2,0.6037,6.06
2025-11-08T18:04:19.095827,0.293,27.01,704.3,0.657,6.26
2025-11-08T18:05:19.095827,0.3701,26.77,719.1,0.6129,6.92
2025-11-08T18:06:19.095827,0.328,29.1,748.3,0.5716,6.66
2025-11-08T18:07:19.095827,0.3344,28.96,729.0,0.6197,6.73
2025-11-08T18:08:19.095827,0.3605,30.48,763.7,0.5376,6.63
2025-11-08T18:09:19.095827,0.2958,29.92,766.6,0.5578,6.3
2025-11-08T18:10:19.095827,0.3261,29.1,701.5,0.5648,6.43
2025-11-08T18:11:19.095827,0.362,28.82,730.2,0.5591,6.92
2025-11-08T18:12:19.095827,0.2982,29.25,687.3,0.5813,6.0
2025-11-08T18:13:19.095827,0.3309,27.44,705.5,0.6099,6.47
2025-11-08T18:14:19.095827,0.3219,30.11,685.3,0.5421,6.0
2025-11-08T18:15:19.095827,0.3607,30.05,764.3,0.5974,6.73
2025-11-08T18:16:19.095827,0.3602,29.27,701.9,0.6134,6.34
2025-11-08T18:17:19.095827,0.3015,30.56,708.6,0.5282,6.39
2025-11-08T18:18:19.095827,0.3139,28.15,728.8,0.6198,6.55
2025-11-08T18:19:19.095827,0.3544,29.93,740.3,0.5349,6.79
2025-11-08T18:20:19.095827,0.289,28.33,711.6,0.5404,6.16
2025-11-08T18:21:19.095827,0.302,28.14,775.0,0.6121,6.71
2025-11-08T18:22:19.095827,0.3374,27.81,766.4,0.5754,6.27
2025-11-08T18:23:19.095827,0.2903,29.34,746.9,0.5781,6.94
2025-11-08T18:24:19.095827,0.336,28.67,739.9,0.5969,6.43
2025-11-08T18:25:19.095827,0.3275,28.59,731.4,0.5339,6.44
2025-11-08T18:26:19.095827,0.3519,26.47,678.1,0.6573,6.63
2025-11-08T18:27:19.095827,0.3163,30.35,759.4,0.5821,6.66
2025-11-08T18:28:19.095827,0.3427,28.1,745.1,0.5974,6.42
2025-11-08T18:29:19.095827,0.3397,28.39,670.6,0.5841,6.65
2025-11-08T18:30:19.095827,0.3476,29.83,750.5,0.5226,6.59
2025-11-08T18:31:19.095827,0.3351,29.53,707.2,0.6029,6.67
2025-11-08T18:32:19.095827,0.2754,27.75,668.6,0.5981,6.98
2025-11-08T18:33:19.095827,0.2939,27.07,691.8,0.6169,6.97
2025-11-08T18:34:19.095827,0.3158,28.68,719.3,0.5462,6.76
2025-11-08T18:35:19.095827,0.3462,27.14,725.3,0.6116,6.77
2025-11-08T18:36:19.095827,0.2713,28.64,765.3,0.5587,6.3
2025-11-08T18:37:19.095827,0.2669,27.94,677.1,0.5924,6.42
2025-11-08T18:38:19.095827,0.2924,28.45,739.1,0.5984,6.46
2025-11-08T18:39:19.095827,0.3572,27.77,677.4,0.6154,6.02
2025-11-08T18:40:19.095827,0.2795,28.51,695.9,0.6148,6.35
2025-11-08T18:41:19.095827,0.3485,29.97,681.0,0.5758,6.24
2025-11-08T18:42:19.095827,0.3529,29.64,697.9,0.572,6.5
2025-11-08T18:43:19.095827,0.2656,28.57,704.5,0.6139,6.07
2025-11-08T18:44:19.095827,0.3354,27.12,684.9,0.6456,6.25
2025-11-08T18:45:19.095827,0.278,29.22,751.8,0.5566,6.95
2025-11-08T18:46:19.095827,0.3161,26.26,707.2,0.6661,6.67
2025-11-08T18:47:19.095827,0.279,29.34,717.8,0.5662,6.93
2025-11-08T18:48:19.095827,0.313,27.6,745.2,0.5713,6.76
2025-11-08T18:49:19.095827,0.2755,30.06,722.8,0.5005,6.38
2025-11-08T18:50:19.095827,0.3086,27.72,737.6,0.6084,6.5
2025-11-08T18:51:19.095827,0.3541,29.59,669.1,0.5934,6.95
2025-11-08T18:52:19.095827,0.2812,29.83,681.6,0.5065,6.28
2025-11-08T18:53:19.095827,0.3222,28.91,750.1,0.5936,6.87
2025-11-08T18:54:19.095827,0.3249,28.98,663.9,0.5994,6.07
2025-11-08T18:55:19.095827,0.2655,28.47,714.1,0.5401,6.92
2025-11-08T18:56:19.095827,0.3425,26.4,688.8,0.5854,6.72
2025-11-08T18:57:19.095827,0.3469,27.45,729.4,0.5566,6.81
2025-11-08T18:58:19.095827,0.3311,27.28,679.7,0.5875,6.11
2025-11-08T18:59:19.095827,0.3403,28.18,723.2,0.5939,6.9
2025-11-08T19:00:19.095827,0.3048,29.86,726.8,0.5275,6.67
2025-11-08T19:01:19.095827,0.3289,29.58,741.2,0.563,6.08
2025-11-08T19:02:19.095827,0.315,26.0,681.9,0.6014,6.0
2025-11-08T19:03:19.095827,0.3209,29.3,730.8,0.5287,6.73
2025-11-08T19:04:19.095827,0.3367,26.55,702.7,0.5744,6.65
2025-11-08T19:05:19.095827,0.2894,26.11,673.0,0.6404,6.05
2025-11-08T19:06:19.095827,0.3472,28.28,684.2,0.6192,6.1
2025-11-08T19:07:19.095827,0.2663,27.79,712.1,0.556,6.88
2025-11-08T19:08:19.095827,0.3144,26.08,643.9,0.6353,6.29
2025-11-08T19:09:19.095827,0.3466,26.53,741.0,0.6266,6.92
